insert into CHUCVU values ('CN', 'CHU NHIEM', '750');
insert into CHUCVU values ('TVC', 'THANH VIEN CHINH', '550');
insert into CHUCVU values ('TV', 'THANH VIEN', '450');
insert into CHUCVU values ('KTV', 'KY THUAT VIEN', '300');

insert into NHANVIEN VALUES ('GV.0001', 'LƯU THÀNH LONG', '1985-01-10', 'NAM', 'TV');
insert into NHANVIEN VALUES ('GV.0002', 'LÊ THANH TUẤN', '1984-05-15', 'NAM', 'TV');
insert into NHANVIEN VALUES ('GC.0001', 'NGUYỄN VĂN NAM', '1978-02-15', 'NAM', 'CN');
insert into NHANVIEN VALUES ('GC.0002', 'NGUYỄN LAN HƯƠNG', '1988-07-18', 'NỮ', 'CN');
insert into NHANVIEN VALUES ('GV.0003', 'ĐINH THU HẰNG', '1988-10-19', 'NỮ', 'TV');
insert into NHANVIEN VALUES ('KT.0001', 'TRẦN NAM ANH', '1979-10-16', 'NAM', 'KTV');
insert into NHANVIEN VALUES ('KT.0002', 'LÊ VĂN ĐỒNG', '1989-10-20', 'NAM', 'KTV');
insert into NHANVIEN VALUES ('GV.0004', 'VŨ HỒNG HẠNH', '1988-10-16', 'NỮ', 'TVC');
insert into NHANVIEN VALUES ('GC.0003', 'LÊ THANH TÙNG', '1982-10-23', 'NAM', 'TVC');

insert into DUAN VALUES ('CB.001', '1A-NINH BINH', 50000, '2015-01-01', '2018-01-01');
insert into DUAN VALUES ('CB.002', '1A-NGHE AN', 75000, '2015-10-05', '2018-10-05');
insert into DUAN VALUES ('CB.003', '1A-HA TINH', 56000, '2016-12-12', '2019-12-12');
insert into DUAN VALUES ('CT.001', 'THONG TIN CSVC', 2300, '2018-12-12', '2019-12-12');
insert into DUAN VALUES ('CT.002', 'THONG TIN PHONG TN', 4300, '2017-01-01', '2018-01-01');
insert into DUAN VALUES ('CT.003', 'THONG TIN KHOA HOC', 5400, '2018-01-05', '2019-01-05');
insert into DUAN VALUES ('NN.001', 'CAO TOC HAI PHONG', 45000, '2017-05-05', '2019-05-05');
insert into DUAN VALUES ('NN.002', 'CAO TOC PHAP VAN', 55000, '2018-10-09', '2019-10-05');
insert into DUAN VALUES ('DN.001', 'TRAM THU PHI CAU GIE', 42000, '2017-01-12', '2019-01-12');
insert into DUAN VALUES ('DN.002', 'DEO HAI VAN', 17000, '2018-01-12', '2020-01-12');

insert into PHANCONG VALUES ('CB.001','GC.0001',120);
insert into PHANCONG VALUES ('CB.001','GV.0001',150);
insert into PHANCONG VALUES ('CB.001','GV.0004',200);
insert into PHANCONG VALUES ('CB.001','GV.0002',200);
insert into PHANCONG VALUES ('CB.001','KT.0001',150);
insert into PHANCONG VALUES ('CT.001','GC.0002',130);
insert into PHANCONG VALUES ('CT.001','GV.0004',130);
insert into PHANCONG VALUES ('CT.001','GV.0002',180);
insert into PHANCONG VALUES ('CT.001','GV.0003',150);
insert into PHANCONG VALUES ('CT.001','KT.0001',200);
insert into PHANCONG VALUES ('CT.001','KT.0002',230);
insert into PHANCONG VALUES ('NN.002','GC.0001',200);
insert into PHANCONG VALUES ('NN.002','GC.0003',250);
insert into PHANCONG VALUES ('NN.001','GC.0002',150);
insert into PHANCONG VALUES ('NN.001','GV.0004',200);
insert into PHANCONG VALUES ('NN.001','GV.0003',300);



